Genomes,1,2,3,4,5,6,7,8,9,10,11,12,13,14,15,16,17,18,19,20,21,22,23,24,25,26,27,28,29,30,31,32,33,34,35,36,37,38,39,40,41,42,43,44,45,46,47,48,49,50,51,52,53,54,55,56,
1,0.0,0.08628069384996617,0.08151549942594716,0.06715228773048032,0.0953846153846154,0.11555051078320089,0.12137320044296784,0.06378600823045266,0.09070845288015894,0.07075892857142863,0.10531012940651496,0.08350033400133605,0.06031528444139822,0.11164165529786263,0.03638443935926772,0.1513771416178703,0.12367021276595747,0.04431247144814987,0.1141776096149566,0.09167424931756141,0.15800089645898696,0.11235186873290792,0.13166006164685162,0.09416237978080966,0.05206912232833105,0.11217449365679943,0.1128298453139217,0.1473456121343445,0.113580795732385,0.08292465448060637,0.1083541998634191,0.09980258828690503,0.04224058769513317,0.0678774120317821,0.08611361587015331,0.09719322662955232,0.07937240424550074,0.08660714285714288,0.09042076991942705,0.06530705774518786,0.11639008865651279,0.11593220338983046,0.07481412639405205,0.09387663214768127,0.031588655752824546,0.1091071030950791,0.1208791208791209,0.11153161175422976,0.08209959623149399,0.09626038781163437,0.043660009289363644,0.07600090477267585,0.13321291487920528,0.04273703876693136,0.11052751769810454,0.12566725978647686,
2,0.08628069384996617,0.0,0.06705202312138725,0.06952965235173825,0.13084716533735719,0.12420957542908762,0.13143989431968295,0.08410581053583543,0.12518951700238246,0.13097039118219145,0.11093819475322364,0.11718408395277657,0.06271379703534774,0.12203389830508471,0.1017024099049304,0.16817010309278346,0.1271280123811629,0.09960070984915703,0.118508655126498,0.09487063095778481,0.17122526128530136,0.11807447774750224,0.14119964973730292,0.1120460584588131,0.11147829918484242,0.12192963044921445,0.12279511533242882,0.17200854700854706,0.12372956252761824,0.10379021595416482,0.11707427536231885,0.08948644478730439,0.110077519379845,0.07024699750736463,0.019351830263464653,0.10043971302939136,0.0768875548372201,0.07215104517869186,0.041073887104176254,0.07255304585900069,0.1036139066788655,0.12497190379860645,0.1242081447963801,0.10342511752854266,0.09159964253798036,0.12054855120548547,0.13425715583825537,0.12087668806730134,0.08698568872987478,0.09949332105020725,0.10499100719424459,0.05684931506849311,0.14340215439856374,0.09884379959192924,0.11583978152025487,0.13492590134925897,
3,0.08151549942594716,0.06705202312138725,0.0,0.06349942062572422,0.13039666885820733,0.08489681050656661,0.1314081038728453,0.08149171270718236,0.12505504183179217,0.1272287034998899,0.10884815569133288,0.11607738492328223,0.05968416163492796,0.08395872420262662,0.09903218546027459,0.16673951048951052,0.12912643161913318,0.09945872801082545,0.11953089760938207,0.052383199622463406,0.13732718894009222,0.07966061748762665,0.14174454828660432,0.10913190529875982,0.1081444918106349,0.1217371737173717,0.08472189626848159,0.16945834239721558,0.12398921832884102,0.09988776655443321,0.07963354474982387,0.08746355685131191,0.10627256317689526,0.06648199445983383,0.0686546463245492,0.06011060351045927,0.033381364073006736,0.06446432668043134,0.08068571428571425,0.06610800744878953,0.06756756756756754,0.09167054443927403,0.08572099577266323,0.09988597491448115,0.08741179148645573,0.12117805755395683,0.09554140127388533,0.12151215121512149,0.0840163934426229,0.05607476635514019,0.06241234221598879,0.05641978175063844,0.10463761360988111,0.055647253006366415,0.076341290475065,0.13579136690647486,
4,0.06715228773048032,0.06952965235173825,0.06349942062572422,0.0,0.10391599212426161,0.10022883295194507,0.11781672953183941,0.08067074552458642,0.09887936717205015,0.1018884497145367,0.09274646305861212,0.09008209451963611,0.05920000000000003,0.09582760201742324,0.07492148945715571,0.14754454584963062,0.11383381599465359,0.08219484882418815,0.10467456944755094,0.0681556527745798,0.15736381977135172,0.09694463588329882,0.1277299801455989,0.08752244165170553,0.08107502799552069,0.10816235504014271,0.0996335318369217,0.1475303292894281,0.10999777332442662,0.08654060066740821,0.10467502850627142,0.07466666666666666,0.08380139294540556,0.05351017608049391,0.06803185437997727,0.09031657355679701,0.06215083798882681,0.061284486657620985,0.07598647125140923,0.05123471036233551,0.09581801470588236,0.11186594202898548,0.11358980195765989,0.08632768361581922,0.060867590279354955,0.10593220338983056,0.10546965151165477,0.10624999999999996,0.06931587265748473,0.06928838951310856,0.0874006810442679,0.04795777879761354,0.12749094202898548,0.07972508591065297,0.0937571988021193,0.12168486739469575,
5,0.0953846153846154,0.13084716533735719,0.13039666885820733,0.10391599212426161,0.0,0.13733245440562514,0.1464354527938343,0.1145038167938931,0.033199643493761144,0.1046636578551472,0.11728931364031281,0.028949730700179588,0.1082733027723205,0.13645352669742916,0.08590163934426231,0.16996213714766517,0.1490683229813664,0.11721611721611724,0.13959991395999138,0.11758241758241761,0.17777295420013028,0.13678414096916303,0.1558441558441559,0.10852544584601997,0.09893455098934556,0.13766401376640136,0.13843111404087016,0.16565062013874288,0.13859045981951013,0.10289667099005617,0.1254694057874972,0.11695781849169151,0.09248301555993865,0.08614232209737827,0.1286979054199957,0.1486964206805126,0.13309905556775747,0.10567345171069731,0.1313304721030043,0.1214036617262424,0.13530189510797708,0.13106476399560918,0.14470510852883145,0.10999343975508424,0.08168207837956842,0.1351118760757315,0.15938529088913278,0.13744891374489132,0.09808195292066257,0.1422584913983238,0.11610076670317637,0.09438103599648817,0.14335971855760776,0.11727172717271728,0.13342169206980337,0.15108532129808727,
6,0.11555051078320089,0.12420957542908762,0.08489681050656661,0.10022883295194507,0.13733245440562514,0.0,0.14058295964125556,0.133453561767358,0.13200883002207509,0.1308865797037364,0.1295336787564767,0.12391352796969024,0.11640571817562972,0.022898903775883106,0.10435961147503958,0.16853438804658316,0.13832658569500678,0.13269402319357715,0.12960036125536234,0.05318138651471982,0.10075685903500475,0.02873843156356548,0.15088032092712278,0.12426834759117511,0.11433715957686252,0.13136547994592163,0.02893265256503763,0.17125984251968507,0.1336032388663968,0.12170611880303706,0.04877462758289286,0.11059085841694538,0.09307111822547454,0.09390746678882267,0.12152070604209098,0.040586797066014646,0.06401713469776293,0.09866182807892943,0.12769299820466784,0.0933240933240933,0.04609073359073357,0.05907575035731305,0.07626514611546686,0.12119836586472987,0.09536846908510155,0.13289858331459414,0.053640776699029113,0.13198198198198197,0.10408163265306125,0.05268245529241178,0.10165975103734437,0.0867264780308259,0.08145333649964381,0.09222170470423852,0.023227383863080653,0.14417661635503487,
7,0.12137320044296784,0.13143989431968295,0.1314081038728453,0.11781672953183941,0.1464354527938343,0.14058295964125556,0.0,0.12726870296591408,0.13969005596211792,0.13297297297297295,0.10667261771925907,0.13349251139570217,0.10880713489409144,0.14135304659498205,0.11084178052005289,0.14344887726182687,0.016416510318949307,0.1380060949063997,0.03002094484524087,0.11366194013054243,0.08690587138863004,0.1371004052228726,0.02285447761194026,0.10738105824811028,0.11683168316831682,0.02101821578701546,0.1400359066427289,0.14827660958161715,0.020774976657329636,0.11826544021024965,0.13144271888363723,0.12662337662337664,0.11671087533156499,0.08620301598019353,0.13459423795909387,0.14802259887005653,0.12829169480081026,0.11032656663724627,0.13886462882096073,0.12138084632516699,0.13684447445419756,0.14374860708714066,0.15798842901646637,0.09739091318038684,0.10129118432769368,0.025599255294391443,0.16800714924039317,0.02309307207837652,0.10430537061695522,0.15393233251176341,0.13846494138464938,0.0984560304318639,0.13796212804328223,0.13102678571428572,0.13366448408218556,0.034780578898225945,
8,0.06378600823045266,0.08410581053583543,0.08149171270718236,0.08067074552458642,0.1145038167938931,0.133453561767358,0.12726870296591408,0.0,0.11035690825487188,0.1121086052112984,0.10492170022371361,0.10212201591511938,0.05667737494263425,0.12960036125536234,0.08243727598566308,0.16429188255613125,0.1299822852081488,0.08325852782764809,0.12177777777777776,0.10464326160815407,0.16517457475380481,0.12568058076225042,0.13833296679129092,0.10479375696767002,0.0907059874888293,0.11935985774616586,0.12952079566003616,0.16777658431793774,0.121588639893499,0.08161896243291589,0.10882956878850103,0.10399297937691965,0.09088868940754036,0.06473672213357651,0.08739837398373984,0.10777058279370955,0.08730707210320199,0.08488241881298997,0.09725016767270289,0.08198588020951947,0.11859776917823805,0.11897760687627235,0.10652920962199308,0.09474396571170762,0.06980961015412512,0.11671854157403294,0.14185201997276442,0.11830108961529906,0.08121484814398205,0.10766045548654246,0.08500455788514127,0.07377979568671966,0.13416289592760178,0.07639208467556369,0.1221843003412969,0.1336589698046181,
9,0.09070845288015894,0.12518951700238246,0.12505504183179217,0.09887936717205015,0.033199643493761144,0.13200883002207509,0.13969005596211792,0.11035690825487188,0.0,0.10217719336063802,0.11069868995633192,0.02032061413411601,0.10118525021949076,0.13071318171781854,0.08121158911325721,0.16034738402880744,0.14273412271259422,0.11108705067128632,0.13399610979036092,0.11299933789450456,0.17190226876090753,0.13020372010628878,0.1507698887938409,0.10478061558611662,0.09390696658659092,0.13205100497082345,0.13228798586572443,0.16107240869748785,0.13339089143103822,0.10203639514731366,0.11839182585517549,0.10358908231248654,0.08822882288228828,0.07886575099689852,0.12342733188720179,0.14380825565912114,0.12734495696314274,0.10028279312595167,0.1261047639577495,0.11646234676007006,0.12871067789100576,0.12613009922822493,0.13942731277533038,0.10498572369866022,0.07566371681415929,0.1294855166450497,0.15335392762577227,0.1314310419368785,0.09262097657105317,0.1365248226950354,0.11360140628433313,0.09012780960775668,0.13764913831197523,0.11184792219274975,0.1288819875776398,0.14634146341463417,
10,0.07075892857142863,0.13097039118219145,0.1272287034998899,0.1018884497145367,0.1046636578551472,0.1308865797037364,0.13297297297297295,0.1121086052112984,0.10217719336063802,0.0,0.11491495856955958,0.09482383645063075,0.10792469352014011,0.12751826433473545,0.05131637661758148,0.16515119475576234,0.13441558441558443,0.09007232084155159,0.12925612665365427,0.10892185078591987,0.1688538932633421,0.12741398446170926,0.12277270751847025,0.1015539505362224,0.03912750168653023,0.12486427795874055,0.12909654561558903,0.16043119847812304,0.125,0.10088956389672377,0.12765486725663722,0.11784799316823225,0.06529975484733674,0.08783932906643122,0.13043478260869568,0.14228546020453536,0.12289636846767049,0.1073752711496746,0.12903920723825935,0.10993843447669305,0.13543968183826782,0.13406593406593403,0.12090848363393458,0.10591078883761806,0.05723228258439528,0.12513554543482974,0.1551191526919682,0.12871072589382448,0.10019646365422397,0.1411816773622483,0.08805171645118148,0.09482948294829485,0.1435185185185185,0.0929608938547486,0.12608405603735828,0.13761667028434987,
11,0.10531012940651496,0.11093819475322364,0.10884815569133288,0.09274646305861212,0.11728931364031281,0.1295336787564767,0.10667261771925907,0.10492170022371361,0.11069868995633192,0.11491495856955958,0.0,0.10374449339207048,0.0886788206167004,0.12736699729486023,0.09181858603823922,0.14853420195439737,0.10770949720670386,0.11986827661909993,0.10062752129090091,0.0998641304347826,0.1492570914002701,0.12174110179097708,0.1167073441313512,0.0447350309704061,0.09662372278987119,0.09775784753363226,0.12770758122743686,0.15371329879101903,0.09876819708846585,0.09437306158617631,0.11390968913092803,0.10186199342825852,0.10106856634016026,0.06390720946099615,0.11120996441281139,0.13353048225659692,0.11372904395106476,0.08744144546062904,0.11444984533804681,0.10819892473118276,0.11935557068300429,0.12226975906327409,0.14544640859252633,0.035490605427975,0.08069229040233761,0.09679587721263727,0.15256525652565256,0.10178970917225949,0.08165096455809784,0.1307500566508044,0.12213059950969463,0.07598371777476254,0.08254115464873635,0.11533273381294962,0.11909090909090914,0.11220604703247483,
12,0.08350033400133605,0.11718408395277657,0.11607738492328223,0.09008209451963611,0.028949730700179588,0.12391352796969024,0.13349251139570217,0.10212201591511938,0.02032061413411601,0.09482383645063075,0.10374449339207048,0.0,0.09537508298296082,0.12260365581810073,0.0739592559787422,0.15717637022819364,0.13575152041702865,0.10336538461538458,0.1264994547437296,0.10387873383860902,0.16549295774647887,0.1220657276995305,0.14350453172205435,0.09735682819383262,0.08680326063009469,0.12535426204490951,0.12419175027870677,0.15517241379310343,0.12671456564337036,0.09297746663749729,0.11053811659192825,0.10326204363793479,0.08102108768035521,0.07066189624329156,0.11580560420315233,0.13536530703720306,0.11836825679893004,0.09242590559824371,0.11896476729012617,0.10745080698651333,0.12139503688799469,0.1184064099710661,0.13142094729819875,0.09667405764966741,0.06830357142857146,0.12317418792238932,0.14505347593582885,0.12431842966194107,0.08421750663129979,0.12927756653992395,0.10620842572062084,0.08121940364931024,0.13001784121320248,0.10397144132083891,0.11987452386287256,0.13937282229965153,
13,0.06031528444139822,0.06271379703534774,0.05968416163492796,0.05920000000000003,0.1082733027723205,0.11640571817562972,0.10880713489409144,0.05667737494263425,0.10118525021949076,0.10792469352014011,0.0886788206167004,0.09537508298296082,0.0,0.11549807125028366,0.07945389435989259,0.15097613882863337,0.11153245594467986,0.0785457809694794,0.10277653381101659,0.08645072992700731,0.15012379023182532,0.11149110807113538,0.12090345438441097,0.08817590307381651,0.0868691380080393,0.09991039426523296,0.1145454545454545,0.15374649103865257,0.10388739946380698,0.07821229050279332,0.09228650137741046,0.08298296083204248,0.08660533991474084,0.04074585635359118,0.06561859193438135,0.09365558912386707,0.06733224982586483,0.04426192105863569,0.07317073170731703,0.06441999082989458,0.09954128440366972,0.10436562073669853,0.1034561684596017,0.078738370773769,0.06636466591166479,0.09894783971345422,0.126027397260274,0.09968637992831542,0.03764057837961898,0.09097222222222223,0.08021877848678216,0.05265567765567769,0.12176283507496588,0.07244710211591532,0.10793505602561171,0.11602951039570752,
14,0.11164165529786263,0.12203389830508471,0.08395872420262662,0.09582760201742324,0.13645352669742916,0.022898903775883106,0.14135304659498205,0.12960036125536234,0.13071318171781854,0.12751826433473545,0.12736699729486023,0.12260365581810073,0.11549807125028366,0.0,0.10045248868778278,0.16805799648506148,0.1378457387002474,0.13013392857142858,0.12954186413902058,0.047596382674916726,0.10070921985815606,0.02294921875,0.1516366065464262,0.12125309894072567,0.10960757780784847,0.1325680846275039,0.02363547758284601,0.1711849584608658,0.13480116827679178,0.11618535930154461,0.04593554593554594,0.10801160455255521,0.0895351499885505,0.09255441008018328,0.11891279728199322,0.03912937148447049,0.06168135270302455,0.09602724177071509,0.12595419847328249,0.09151837300670207,0.042290961817303074,0.05673420738974966,0.07119047619047614,0.11772727272727268,0.09053497942386834,0.13283884018880643,0.05030376670716885,0.13276327632763274,0.10231397459165159,0.04794188861985471,0.09810710987996307,0.08492520138089754,0.07730732635585158,0.08906505012823507,0.02031326480665685,0.14578177727784025,
15,0.03638443935926772,0.1017024099049304,0.09903218546027459,0.07492148945715571,0.08590163934426231,0.10435961147503958,0.11084178052005289,0.08243727598566308,0.08121158911325721,0.05131637661758148,0.09181858603823922,0.0739592559787422,0.07945389435989259,0.10045248868778278,0.0,0.14051370602201596,0.11228766821089786,0.06073509636934116,0.1053097345132743,0.08274926520461223,0.14715719063545152,0.10113378684807262,0.12072743207712533,0.07896497880883335,0.035843920145190555,0.10163861824623566,0.10162969669533728,0.13570658036677452,0.10263216102632156,0.07166629687153314,0.09889115184430863,0.08781127129750987,0.03264094955489616,0.057362240289069555,0.10070827799911464,0.11542831174733015,0.09486076522526599,0.07873142603681527,0.10400175901495168,0.0787933363349842,0.10774791054890442,0.10861759425493711,0.09310266332802186,0.08288530465949817,0.022461608984643555,0.10152621101526216,0.12917042380522992,0.10267758353618062,0.07120535714285714,0.11613194758246725,0.05726671229751312,0.06330254561838256,0.12157303370786521,0.06132723112128147,0.09929561463303793,0.11465250110668435,
16,0.1513771416178703,0.16817010309278346,0.16673951048951052,0.14754454584963062,0.16996213714766517,0.16853438804658316,0.14344887726182687,0.16429188255613125,0.16034738402880744,0.16515119475576234,0.14853420195439737,0.15717637022819364,0.15097613882863337,0.16805799648506148,0.14051370602201596,0.0,0.1477446066681194,0.16167664670658688,0.13810461807835417,0.1496045694200352,0.18055555555555558,0.16765807446574132,0.15464587394411955,0.1442516268980477,0.1479328165374677,0.1369503390942901,0.17043707445640233,0.02439585730724969,0.1391133435247871,0.15591627509611272,0.1669595782073814,0.15741525423728808,0.14915693904020755,0.1260964912280702,0.1649085037674919,0.17926613616268794,0.16226912928759896,0.1472551130247578,0.17239172178365691,0.15356131561751252,0.17343578485181121,0.17266972276795456,0.1826124945391,0.14145168342807168,0.1302356020942408,0.13149243918474685,0.19333625602805782,0.13673156858455482,0.1399783315276273,0.18159859464207295,0.1676776429809359,0.13740458015267176,0.17818740399385558,0.1610576923076923,0.16721817780719173,0.1477670753064798,
17,0.12367021276595747,0.1271280123811629,0.12912643161913318,0.11383381599465359,0.1490683229813664,0.13832658569500678,0.016416510318949307,0.1299822852081488,0.14273412271259422,0.13441558441558443,0.10770949720670386,0.13575152041702865,0.11153245594467986,0.1378457387002474,0.11228766821089786,0.1477446066681194,0.0,0.14108425865447416,0.019456165025785288,0.11088527551942184,0.08974358974358976,0.13398102123813826,0.031177291763610948,0.10883596705987086,0.11828193832599121,0.027058549101936058,0.13651723361117374,0.15294627383015602,0.02819198508853682,0.12012275317843046,0.13294276701216767,0.12277270751847025,0.11858407079646016,0.08722109533468558,0.13071318171781854,0.14577193380185904,0.12556458897922318,0.107593535532433,0.13625410733844467,0.11781801922646995,0.1328813559322034,0.1452476572958501,0.16195773081201337,0.09842342342342347,0.10316399286987521,0.027945971122496527,0.1658449125952488,0.029123951537744608,0.10659560293137904,0.15047233468286103,0.14200398142003978,0.09478885893980238,0.13863174531496947,0.13459821428571428,0.1317934782608695,0.043083372147182164,
18,0.04431247144814987,0.09960070984915703,0.09945872801082545,0.08219484882418815,0.11721611721611724,0.13269402319357715,0.1380060949063997,0.08325852782764809,0.11108705067128632,0.09007232084155159,0.11986827661909993,0.10336538461538458,0.0785457809694794,0.13013392857142858,0.06073509636934116,0.16167664670658688,0.14108425865447416,0.0,0.1322404371584699,0.11264778050412672,0.17419070689275495,0.1300358102059087,0.14882111183214364,0.11267296288161655,0.06906571300849351,0.13068181818181823,0.13214285714285712,0.159265584970111,0.13244599607244167,0.10157618213660247,0.1277641277641277,0.11339092872570189,0.07347670250896055,0.08543386125362484,0.0986009327115257,0.11717861205915814,0.09700815956482323,0.10521701008329676,0.10359268238924402,0.08307068887888336,0.13354175971415816,0.13464951197870456,0.08697642481116963,0.1133451171011931,0.050939551731944754,0.12685914260717412,0.13807060939959526,0.1292368248414607,0.09878721058434403,0.11488783140720593,0.06115928799634873,0.0920818505338078,0.15118598980270448,0.059458218549127695,0.1307950727883539,0.14472822527832352,
19,0.1141776096149566,0.118508655126498,0.11953089760938207,0.10467456944755094,0.13959991395999138,0.12960036125536234,0.03002094484524087,0.12177777777777776,0.13399610979036092,0.12925612665365427,0.10062752129090091,0.1264994547437296,0.10277653381101659,0.12954186413902058,0.1053097345132743,0.13810461807835417,0.019456165025785288,0.1322404371584699,0.0,0.10244786944696282,0.10446036514906398,0.12562358276643992,0.04049051365108747,0.1005137368773732,0.11007957559681703,0.018028564738936992,0.1286166365280289,0.1429815016322089,0.021490306003270288,0.1115511551155115,0.1220561594202898,0.11428571428571432,0.10950688582852064,0.0782805429864254,0.12211879432624118,0.13742889647326506,0.11845979614949043,0.09804357492218763,0.12857142857142856,0.11372285650324598,0.123666893578398,0.13578310553439388,0.15217877094972065,0.08953199186072802,0.0943860433907403,0.017080018717828716,0.1576698155645524,0.019185774450163784,0.0965871068480928,0.14011299435028246,0.1326077298978232,0.08504398826979476,0.12944910451144864,0.12466367713004489,0.12340909090909091,0.03504672897196259,
20,0.09167424931756141,0.09487063095778481,0.052383199622463406,0.0681556527745798,0.11758241758241761,0.05318138651471982,0.11366194013054243,0.10464326160815407,0.11299933789450456,0.10892185078591987,0.0998641304347826,0.10387873383860902,0.08645072992700731,0.047596382674916726,0.08274926520461223,0.1496045694200352,0.11088527551942184,0.11264778050412672,0.10244786944696282,0.0,0.11778344539763508,0.04070881226053635,0.12458063073138004,0.0997517490408486,0.08807588075880757,0.10556057866184454,0.04880952380952386,0.154434250764526,0.10699774266365691,0.09268402154398558,0.06482791136256483,0.0824188129899216,0.0873808443032229,0.06176538372896978,0.09124004550625708,0.054741896758703446,0.03371592539454804,0.06598173515981731,0.10198108959927965,0.06674391657010426,0.06134533396494557,0.07525122692217812,0.09296365330848089,0.09039032184432783,0.07000686341798212,0.1041572525982829,0.08072916666666663,0.10490617228125709,0.0745214220601641,0.06966824644549763,0.07827291618563847,0.05529847292919943,0.09360410830999066,0.0699300699300699,0.03910748560460653,0.11799276672694392,
21,0.15800089645898696,0.17122526128530136,0.13732718894009222,0.15736381977135172,0.17777295420013028,0.10075685903500475,0.08690587138863004,0.16517457475380481,0.17190226876090753,0.1688538932633421,0.1492570914002701,0.16549295774647887,0.15012379023182532,0.10070921985815606,0.14715719063545152,0.18055555555555558,0.08974358974358976,0.17419070689275495,0.10446036514906398,0.11778344539763508,0.0,0.0960076045627376,0.10408492960996996,0.15063887020847344,0.15439377085650718,0.09974542929877339,0.0996921619701634,0.18522577816747043,0.10122486711347356,0.1548515728843598,0.09140550807217473,0.16568306010928957,0.13569654549559718,0.12727272727272732,0.17233711363130977,0.10962821734985706,0.13371958285052143,0.1479250334672021,0.17678216729198848,0.16028815848716793,0.09574720836303163,0.10301034807149578,0.12207122774133083,0.14023144996596326,0.13786888938950215,0.10357554786620526,0.13071125765426284,0.1008325624421832,0.14580067189249724,0.1166469893742621,0.14240145819093186,0.13645621181262724,0.09912051342999761,0.13434552564987345,0.0927073403241182,0.11509128726600415,
22,0.11235186873290792,0.11807447774750224,0.07966061748762665,0.09694463588329882,0.13678414096916303,0.02873843156356548,0.1371004052228726,0.12568058076225042,0.13020372010628878,0.12741398446170926,0.12174110179097708,0.1220657276995305,0.11149110807113538,0.02294921875,0.10113378684807262,0.16765807446574132,0.13398102123813826,0.1300358102059087,0.12562358276643992,0.04070881226053635,0.0960076045627376,0.0,0.1478747203579418,0.12240289069557364,0.11073446327683611,0.12867480777928542,0.022249388753056265,0.17119684348969755,0.13092550790067725,0.11435632442147836,0.040860735009671134,0.10743061772605189,0.08976124885215797,0.08795763297259962,0.11578707916287534,0.030541871921182295,0.05906264945002393,0.09192518248175185,0.12415502478593965,0.09351851851851856,0.03764877337867378,0.05269461077844306,0.06999522216913523,0.11372459465631424,0.09163802978235969,0.1281066425666516,0.05706653715395826,0.12760180995475112,0.09824481422384312,0.04949053857350805,0.0992366412213741,0.08115606936416186,0.07106963388370424,0.09018691588785044,0.014032496307237796,0.14111261872455905,
23,0.13166006164685162,0.14119964973730292,0.14174454828660432,0.1277299801455989,0.1558441558441559,0.15088032092712278,0.02285447761194026,0.13833296679129092,0.1507698887938409,0.12277270751847025,0.1167073441313512,0.14350453172205435,0.12090345438441097,0.1516366065464262,0.12072743207712533,0.15464587394411955,0.031177291763610948,0.14882111183214364,0.04049051365108747,0.12458063073138004,0.10408492960996996,0.1478747203579418,0.0,0.11612475116124754,0.10678753040017686,0.030204460966542723,0.15034575061342847,0.1593797113934956,0.029958197863446334,0.12845634661441319,0.14141866189304098,0.1362462333189841,0.12659340659340657,0.09686800894854586,0.14473108876257101,0.15876936896474292,0.13911876537687318,0.12146459109844332,0.14890384197959627,0.13131089459698853,0.1484462329532752,0.15396544085068675,0.1689144373203626,0.10755813953488369,0.11216814159292032,0.03700277520814066,0.1776988005330964,0.03590456335418113,0.11429832303618714,0.16414253897550113,0.149043745878215,0.10898576512455516,0.14666965687373845,0.14216012419605228,0.1444918106349562,0.04570765661252896,
24,0.09416237978080966,0.1120460584588131,0.10913190529875982,0.08752244165170553,0.10852544584601997,0.12426834759117511,0.10738105824811028,0.10479375696767002,0.10478061558611662,0.1015539505362224,0.0447350309704061,0.09735682819383262,0.08817590307381651,0.12125309894072567,0.07896497880883335,0.1442516268980477,0.10883596705987086,0.11267296288161655,0.1005137368773732,0.0997517490408486,0.15063887020847344,0.12240289069557364,0.11612475116124754,0.0,0.08507795100222715,0.09722843093428701,0.1237043713384407,0.1430426314650508,0.09823621344050015,0.09217506631299732,0.11289592760181,0.1000874125874126,0.08865564984368024,0.06523216308040769,0.11022399645154135,0.13626075147125394,0.1135696545495597,0.0882222222222222,0.10846034901700907,0.09999999999999998,0.12130110684436413,0.12039532794249774,0.1381240205954779,0.021880819366852933,0.07113912651958576,0.09584450402144773,0.14729030807285814,0.10167224080267556,0.08074256318496975,0.12714932126696832,0.1114585660040206,0.07508455467869224,0.07224157955865274,0.1062584421431787,0.12061552387417973,0.11247489399687571,
25,0.05206912232833105,0.11147829918484242,0.1081444918106349,0.08107502799552069,0.09893455098934556,0.11433715957686252,0.11683168316831682,0.0907059874888293,0.09390696658659092,0.03912750168653023,0.09662372278987119,0.08680326063009469,0.0868691380080393,0.10960757780784847,0.035843920145190555,0.1479328165374677,0.11828193832599121,0.06906571300849351,0.11007957559681703,0.08807588075880757,0.15439377085650718,0.11073446327683611,0.10678753040017686,0.08507795100222715,0.0,0.10683477106834771,0.11163734776725309,0.1463257412978083,0.10907485096047698,0.08030973451327439,0.10805323708549519,0.09876006090928868,0.04742455184933059,0.06533002928587517,0.11049845610939568,0.12415043044857277,0.10361173814898417,0.08692767086927666,0.11206140350877192,0.09054235768713581,0.11771325680846279,0.11640922319229907,0.10018173557473875,0.08687863860277656,0.03198537811286273,0.10713496796995803,0.13820224719101126,0.11079231957625246,0.08075639599555062,0.12311161217587374,0.07014755959137342,0.07383303411131059,0.12556154537286612,0.06983112733911456,0.10849377123442805,0.12107821475916924,
26,0.11217449365679943,0.12192963044921445,0.1217371737173717,0.10816235504014271,0.13766401376640136,0.13136547994592163,0.02101821578701546,0.11935985774616586,0.13205100497082345,0.12486427795874055,0.09775784753363226,0.12535426204490951,0.09991039426523296,0.1325680846275039,0.10163861824623566,0.1369503390942901,0.027058549101936058,0.13068181818181823,0.018028564738936992,0.10556057866184454,0.09974542929877339,0.12867480777928542,0.030204460966542723,0.09722843093428701,0.10683477106834771,0.0,0.13165013525698832,0.14142732811140124,0.012423816221284523,0.10873871890821041,0.12129441050011314,0.11684073107049608,0.10792804796802136,0.07667948427957472,0.12469599823126243,0.14003631411711304,0.12110257568910976,0.10068751386116659,0.1311115983336988,0.11550491510277028,0.12757294729699165,0.13460246360582306,0.15099396917578733,0.08749717386389333,0.09279964221824688,0.016830294530154277,0.1593714927048261,0.012429643527204548,0.0945795226410886,0.1439513403919802,0.12977777777777777,0.08775877587758774,0.12655931050124747,0.12390768541339903,0.12562358276643992,0.026951019451605385,
27,0.1128298453139217,0.12279511533242882,0.08472189626848159,0.0996335318369217,0.13843111404087016,0.02893265256503763,0.1400359066427289,0.12952079566003616,0.13228798586572443,0.12909654561558903,0.12770758122743686,0.12419175027870677,0.1145454545454545,0.02363547758284601,0.10162969669533728,0.17043707445640233,0.13651723361117374,0.13214285714285712,0.1286166365280289,0.04880952380952386,0.0996921619701634,0.022249388753056265,0.15034575061342847,0.1237043713384407,0.11163734776725309,0.13165013525698832,0.0,0.17395104895104896,0.1334683772225973,0.11862130707251561,0.04716073147256983,0.11044176706827313,0.0907216494845361,0.09330582301696466,0.11967361740707161,0.03845211854028896,0.06105413784879565,0.09807037457434731,0.12460638776428246,0.09359833602958167,0.04493839091568008,0.06026679371129107,0.07057701478302336,0.11763367463026164,0.09259259259259256,0.13192255740657366,0.055798156234837415,0.13184584178498981,0.10349523377212888,0.05200774068698599,0.09930715935334877,0.0865561694290976,0.07578646329837946,0.09071828358208955,0.021062943913788934,0.14446698219517695,
28,0.1473456121343445,0.17200854700854706,0.16945834239721558,0.1475303292894281,0.16565062013874288,0.17125984251968507,0.14827660958161715,0.16777658431793774,0.16107240869748785,0.16043119847812304,0.15371329879101903,0.15517241379310343,0.15374649103865257,0.1711849584608658,0.13570658036677452,0.02439585730724969,0.15294627383015602,0.159265584970111,0.1429815016322089,0.154434250764526,0.18522577816747043,0.17119684348969755,0.1593797113934956,0.1430426314650508,0.1463257412978083,0.14142732811140124,0.17395104895104896,0.0,0.14236035644425127,0.1582305401956614,0.170091823349366,0.16086864853468275,0.14353653264159105,0.13064340239912764,0.16877275647890344,0.1827578623268089,0.16622922134733153,0.15081405312767782,0.17385759829968117,0.15513126491646778,0.17693315858453473,0.17615117289313642,0.18565217391304345,0.1471099521946979,0.12946040034812878,0.13560061042075433,0.1947598253275109,0.14040052242054857,0.14319603191718788,0.18545216251638275,0.16204506065857882,0.1402518454190187,0.18284966179358497,0.1606014382218348,0.1707638279192274,0.15218811234487262,
29,0.113580795732385,0.12372956252761824,0.12398921832884102,0.10999777332442662,0.13859045981951013,0.1336032388663968,0.020774976657329636,0.121588639893499,0.13339089143103822,0.125,0.09876819708846585,0.12671456564337036,0.10388739946380698,0.13480116827679178,0.10263216102632156,0.1391133435247871,0.02819198508853682,0.13244599607244167,0.021490306003270288,0.10699774266365691,0.10122486711347356,0.13092550790067725,0.029958197863446334,0.09823621344050015,0.10907485096047698,0.012423816221284523,0.1334683772225973,0.14236035644425127,0.0,0.11137961335676627,0.1244073154210883,0.11943539630836053,0.10933688179197165,0.07815676530381743,0.12731685789938219,0.14227458087902134,0.12209433536447756,0.10336432049579458,0.13247208232975693,0.1160714285714286,0.13235625704622322,0.1372373714796603,0.15276538804638717,0.08982171067479128,0.09423849933005801,0.017515179822512827,0.16113850291349174,0.01637426900584793,0.0972840605520926,0.14699932569116658,0.13032859680284192,0.09092950157162105,0.12882046637989586,0.12572706935123046,0.12788592123132636,0.02762819011940998,
30,0.08292465448060637,0.10379021595416482,0.09988776655443321,0.08654060066740821,0.10289667099005617,0.12170611880303706,0.11826544021024965,0.08161896243291589,0.10203639514731366,0.10088956389672377,0.09437306158617631,0.09297746663749729,0.07821229050279332,0.11618535930154461,0.07166629687153314,0.15591627509611272,0.12012275317843046,0.10157618213660247,0.1115511551155115,0.09268402154398558,0.1548515728843598,0.11435632442147836,0.12845634661441319,0.09217506631299732,0.08030973451327439,0.10873871890821041,0.11862130707251561,0.1582305401956614,0.11137961335676627,0.0,0.09889365545269813,0.09158146617359142,0.08087091757387244,0.05482851985559567,0.10405643738977077,0.12474622152041503,0.10684624017957356,0.07494456762749446,0.11186366615687127,0.10017769880053307,0.1085830141923857,0.1081746920492721,0.12379888268156425,0.08420817511726597,0.05990576621045551,0.10653753026634383,0.14826357969723958,0.10810215763980624,0.06954971020954082,0.1220224719101124,0.10313402978439656,0.06382022471910109,0.1223666517256835,0.09661510872001788,0.11043497858913676,0.12373626373626379,
31,0.1083541998634191,0.11707427536231885,0.07963354474982387,0.10467502850627142,0.1254694057874972,0.04877462758289286,0.13144271888363723,0.10882956878850103,0.11839182585517549,0.12765486725663722,0.11390968913092803,0.11053811659192825,0.09228650137741046,0.04593554593554594,0.09889115184430863,0.1669595782073814,0.13294276701216767,0.1277641277641277,0.1220561594202898,0.06482791136256483,0.09140550807217473,0.040860735009671134,0.14141866189304098,0.11289592760181,0.10805323708549519,0.12129441050011314,0.04716073147256983,0.170091823349366,0.1244073154210883,0.09889365545269813,0.0,0.10816235504014271,0.08707607699358388,0.0710812688122251,0.1190583974649162,0.05597286164283988,0.08286252354048962,0.09012289485662262,0.126514131897712,0.11519160583941601,0.03586140053307485,0.03303592958765378,0.06677796327212016,0.10105407882676443,0.08895495083466731,0.12030755314337405,0.07896625987078243,0.12021734208738966,0.07807118254879453,0.056612864370031324,0.09607390300230945,0.07891093677895711,0.05950095969289826,0.08566760037348276,0.03781818181818186,0.13711316918906713,
32,0.09980258828690503,0.08948644478730439,0.08746355685131191,0.07466666666666666,0.11695781849169151,0.11059085841694538,0.12662337662337664,0.10399297937691965,0.10358908231248654,0.11784799316823225,0.10186199342825852,0.10326204363793479,0.08298296083204248,0.10801160455255521,0.08781127129750987,0.15741525423728808,0.12277270751847025,0.11339092872570189,0.11428571428571432,0.0824188129899216,0.16568306010928957,0.10743061772605189,0.1362462333189841,0.1000874125874126,0.09876006090928868,0.11684073107049608,0.11044176706827313,0.16086864853468275,0.11943539630836053,0.09158146617359142,0.10816235504014271,0.0,0.09814207650273221,0.060741402411790935,0.08763796909492272,0.1207089970832399,0.09398833557649167,0.06226456902282296,0.09685177087888064,0.08745837957824643,0.09567762269248081,0.11725663716814161,0.13965251814383106,0.09565792373815296,0.07513812154696131,0.11507504894496412,0.1387963579835665,0.11539298933159159,0.07396776330315746,0.11464397671294224,0.1171703898379326,0.049224544841537377,0.13705583756345174,0.11128284389489951,0.10562906481273826,0.1296215745976511,
33,0.04224058769513317,0.110077519379845,0.10627256317689526,0.08380139294540556,0.09248301555993865,0.09307111822547454,0.11671087533156499,0.09088868940754036,0.08822882288228828,0.06529975484733674,0.10106856634016026,0.08102108768035521,0.08660533991474084,0.0895351499885505,0.03264094955489616,0.14915693904020755,0.11858407079646016,0.07347670250896055,0.10950688582852064,0.0873808443032229,0.13569654549559718,0.08976124885215797,0.12659340659340657,0.08865564984368024,0.04742455184933059,0.10792804796802136,0.0907216494845361,0.14353653264159105,0.10933688179197165,0.08087091757387244,0.08707607699358388,0.09814207650273221,0.0,0.064961521050249,0.10909090909090913,0.10377358490566035,0.10471441523118763,0.08496441281138789,0.11233480176211452,0.0902949786084215,0.09606587374199449,0.09572532969531611,0.084234752589183,0.08747470204632335,0.03190268533394536,0.1065482796892342,0.11821086261980829,0.10812611012433393,0.08089385474860333,0.10325091575091572,0.07067943456452352,0.07176709546377791,0.10926473935806968,0.06947947718413205,0.08831646734130638,0.12181051697359657,
34,0.0678774120317821,0.07024699750736463,0.06648199445983383,0.05351017608049391,0.08614232209737827,0.09390746678882267,0.08620301598019353,0.06473672213357651,0.07886575099689852,0.08783932906643122,0.06390720946099615,0.07066189624329156,0.04074585635359118,0.09255441008018328,0.057362240289069555,0.1260964912280702,0.08722109533468558,0.08543386125362484,0.0782805429864254,0.06176538372896978,0.12727272727272732,0.08795763297259962,0.09686800894854586,0.06523216308040769,0.06533002928587517,0.07667948427957472,0.09330582301696466,0.13064340239912764,0.07815676530381743,0.05482851985559567,0.0710812688122251,0.060741402411790935,0.064961521050249,0.0,0.07138001359619306,0.09849710982658955,0.0727482678983834,0.04215083162451583,0.08099618577518508,0.0697833523375142,0.07975034674063797,0.08126721763085398,0.10989761092150174,0.05499541704857924,0.04343850022862372,0.07398190045248865,0.12166172106824924,0.07601809954751126,0.036426116838487954,0.09712313003452244,0.0863358259687288,0.031625115420129246,0.09710743801652888,0.07866453235764925,0.08385308385308388,0.09257168661097315,
35,0.08611361587015331,0.019351830263464653,0.0686546463245492,0.06803185437997727,0.1286979054199957,0.12152070604209098,0.13459423795909387,0.08739837398373984,0.12342733188720179,0.13043478260869568,0.11120996441281139,0.11580560420315233,0.06561859193438135,0.11891279728199322,0.10070827799911464,0.1649085037674919,0.13071318171781854,0.0986009327115257,0.12211879432624118,0.09124004550625708,0.17233711363130977,0.11578707916287534,0.14473108876257101,0.11022399645154135,0.11049845610939568,0.12469599823126243,0.11967361740707161,0.16877275647890344,0.12731685789938219,0.10405643738977077,0.1190583974649162,0.08763796909492272,0.10909090909090913,0.07138001359619306,0.0,0.09983785035904569,0.07493061979648474,0.07284172661870503,0.03771849126034954,0.07017142857142855,0.10605714285714285,0.12651685393258427,0.12279111916628904,0.10496866606982991,0.09058376202191898,0.12414402474044617,0.1311475409836066,0.1244749060358169,0.08682031774446186,0.09669974613431798,0.10312992569241164,0.059320100387862174,0.1428571428571429,0.09695731153496823,0.11354309165526677,0.13850231941683233,
36,0.09719322662955232,0.10043971302939136,0.06011060351045927,0.09031657355679701,0.1486964206805126,0.040586797066014646,0.14802259887005653,0.10777058279370955,0.14380825565912114,0.14228546020453536,0.13353048225659692,0.13536530703720306,0.09365558912386707,0.03912937148447049,0.11542831174733015,0.17926613616268794,0.14577193380185904,0.11717861205915814,0.13742889647326506,0.054741896758703446,0.10962821734985706,0.030541871921182295,0.15876936896474292,0.13626075147125394,0.12415043044857277,0.14003631411711304,0.03845211854028896,0.1827578623268089,0.14227458087902134,0.12474622152041503,0.05597286164283988,0.1207089970832399,0.10377358490566035,0.09849710982658955,0.09983785035904569,0.0,0.04023408924652527,0.10194730813287511,0.10981201283814768,0.07596131163010145,0.05234964694424149,0.06629834254143652,0.05471789883268485,0.12471343420449332,0.1051906293063849,0.1394557823129252,0.04901477832512313,0.13980935088515656,0.11088248742569728,0.031164976502597086,0.08360810174281674,0.09126799814212727,0.08517274472168901,0.07423269093504636,0.02595155709342556,0.1529385069208078,
37,0.07937240424550074,0.0768875548372201,0.033381364073006736,0.06215083798882681,0.13309905556775747,0.06401713469776293,0.12829169480081026,0.08730707210320199,0.12734495696314274,0.12289636846767049,0.11372904395106476,0.11836825679893004,0.06733224982586483,0.06168135270302455,0.09486076522526599,0.16226912928759896,0.12556458897922318,0.09700815956482323,0.11845979614949043,0.03371592539454804,0.13371958285052143,0.05906264945002393,0.13911876537687318,0.1135696545495597,0.10361173814898417,0.12110257568910976,0.06105413784879565,0.16622922134733153,0.12209433536447756,0.10684624017957356,0.08286252354048962,0.09398833557649167,0.10471441523118763,0.0727482678983834,0.07493061979648474,0.04023408924652527,0.0,0.07862857142857138,0.08602150537634412,0.04557260920897288,0.07856128726928535,0.09311551925320882,0.08037825059101655,0.10652372262773724,0.08400091554131384,0.12011740799277493,0.07284926911095135,0.1204519774011299,0.08628167085140381,0.05745192307692304,0.0619572870218259,0.06720741599072999,0.11142191142191138,0.052394499762920765,0.05563549160671466,0.1326853526220615,
38,0.08660714285714288,0.07215104517869186,0.06446432668043134,0.061284486657620985,0.10567345171069731,0.09866182807892943,0.11032656663724627,0.08488241881298997,0.10028279312595167,0.1073752711496746,0.08744144546062904,0.09242590559824371,0.04426192105863569,0.09602724177071509,0.07873142603681527,0.1472551130247578,0.107593535532433,0.10521701008329676,0.09804357492218763,0.06598173515981731,0.1479250334672021,0.09192518248175185,0.12146459109844332,0.0882222222222222,0.08692767086927666,0.10068751386116659,0.09807037457434731,0.15081405312767782,0.10336432049579458,0.07494456762749446,0.09012289485662262,0.06226456902282296,0.08496441281138789,0.04215083162451583,0.07284172661870503,0.10194730813287511,0.07862857142857138,0.0,0.08322207387627945,0.07431669302010391,0.0798531436438733,0.10083464922174601,0.12586786114221726,0.0780125899280576,0.06488549618320616,0.09889135254988912,0.1261301989150091,0.09962280896383402,0.037735849056603765,0.09970339949806073,0.10851678897042472,0.03162961265184505,0.1168245376635092,0.10118914067758578,0.08830931137039577,0.11539313399778517,
39,0.09042076991942705,0.041073887104176254,0.08068571428571425,0.07598647125140923,0.1313304721030043,0.12769299820466784,0.13886462882096073,0.09725016767270289,0.1261047639577495,0.12903920723825935,0.11444984533804681,0.11896476729012617,0.07317073170731703,0.12595419847328249,0.10400175901495168,0.17239172178365691,0.13625410733844467,0.10359268238924402,0.12857142857142856,0.10198108959927965,0.17678216729198848,0.12415502478593965,0.14890384197959627,0.10846034901700907,0.11206140350877192,0.1311115983336988,0.12460638776428246,0.17385759829968117,0.13247208232975693,0.11186366615687127,0.126514131897712,0.09685177087888064,0.11233480176211452,0.08099618577518508,0.03771849126034954,0.10981201283814768,0.08602150537634412,0.08322207387627945,0.0,0.07727169725810101,0.11796610169491528,0.13385300668151445,0.1281186783546865,0.10953121528549215,0.09778270509977827,0.13055859802847758,0.13559322033898302,0.13212094653812445,0.09447771124417836,0.1049382716049383,0.1094238499330058,0.07042889390519191,0.14839572192513373,0.10335510020265704,0.12237525400767668,0.14357737834283213,
40,0.06530705774518786,0.07255304585900069,0.06610800744878953,0.05123471036233551,0.1214036617262424,0.0933240933240933,0.12138084632516699,0.08198588020951947,0.11646234676007006,0.10993843447669305,0.10819892473118276,0.10745080698651333,0.06441999082989458,0.09151837300670207,0.0787933363349842,0.15356131561751252,0.11781801922646995,0.08307068887888336,0.11372285650324598,0.06674391657010426,0.16028815848716793,0.09351851851851856,0.13131089459698853,0.09999999999999998,0.09054235768713581,0.11550491510277028,0.09359833602958167,0.15513126491646778,0.1160714285714286,0.10017769880053307,0.11519160583941601,0.08745837957824643,0.0902949786084215,0.0697833523375142,0.07017142857142855,0.07596131163010145,0.04557260920897288,0.07431669302010391,0.07727169725810101,0.0,0.11162044464817789,0.12485862926939606,0.10510579576816925,0.10189359783588814,0.07001591270743346,0.11579651941097724,0.10076797765883172,0.11486033519553074,0.08188585607940446,0.08679421371908536,0.08394327538883806,0.058972005507113345,0.14130680533574502,0.0761772853185596,0.09206864564007422,0.12695574430040235,
41,0.11639008865651279,0.1036139066788655,0.06756756756756754,0.09581801470588236,0.13530189510797708,0.04609073359073357,0.13684447445419756,0.11859776917823805,0.12871067789100576,0.13543968183826782,0.11935557068300429,0.12139503688799469,0.09954128440366972,0.042290961817303074,0.10774791054890442,0.17343578485181121,0.1328813559322034,0.13354175971415816,0.123666893578398,0.06134533396494557,0.09574720836303163,0.03764877337867378,0.1484462329532752,0.12130110684436413,0.11771325680846279,0.12757294729699165,0.04493839091568008,0.17693315858453473,0.13235625704622322,0.1085830141923857,0.03586140053307485,0.09567762269248081,0.09606587374199449,0.07975034674063797,0.10605714285714285,0.05234964694424149,0.07856128726928535,0.0798531436438733,0.11796610169491528,0.11162044464817789,0.0,0.0487044145873321,0.07937262357414454,0.11001829826166509,0.09531428571428568,0.12827461607949409,0.07734806629834257,0.1252264492753623,0.09452054794520548,0.04923599320882854,0.10336871250576829,0.06525285481239806,0.06942781900885808,0.09393939393939399,0.03554040895813049,0.14169491525423727,
42,0.11593220338983046,0.12497190379860645,0.09167054443927403,0.11186594202898548,0.13106476399560918,0.05907575035731305,0.14374860708714066,0.11897760687627235,0.12613009922822493,0.13406593406593403,0.12226975906327409,0.1184064099710661,0.10436562073669853,0.05673420738974966,0.10861759425493711,0.17266972276795456,0.1452476572958501,0.13464951197870456,0.13578310553439388,0.07525122692217812,0.10301034807149578,0.05269461077844306,0.15396544085068675,0.12039532794249774,0.11640922319229907,0.13460246360582306,0.06026679371129107,0.17615117289313642,0.1372373714796603,0.1081746920492721,0.03303592958765378,0.11725663716814161,0.09572532969531611,0.08126721763085398,0.12651685393258427,0.06629834254143652,0.09311551925320882,0.10083464922174601,0.13385300668151445,0.12485862926939606,0.0487044145873321,0.0,0.07639545884579002,0.10959527057753526,0.0967082860385925,0.13152587945328253,0.09077980564114718,0.1331241595696997,0.07980791218842898,0.06687365655600663,0.10472043996333635,0.09161526159469957,0.07198859586600137,0.09492938180134292,0.04924333413403792,0.1494072914336837,
43,0.07481412639405205,0.1242081447963801,0.08572099577266323,0.11358980195765989,0.14470510852883145,0.07626514611546686,0.15798842901646637,0.10652920962199308,0.13942731277533038,0.12090848363393458,0.14544640859252633,0.13142094729819875,0.1034561684596017,0.07119047619047614,0.09310266332802186,0.1826124945391,0.16195773081201337,0.08697642481116963,0.15217877094972065,0.09296365330848089,0.12207122774133083,0.06999522216913523,0.1689144373203626,0.1381240205954779,0.10018173557473875,0.15099396917578733,0.07057701478302336,0.18565217391304345,0.15276538804638717,0.12379888268156425,0.06677796327212016,0.13965251814383106,0.084234752589183,0.10989761092150174,0.12279111916628904,0.05471789883268485,0.08037825059101655,0.12586786114221726,0.1281186783546865,0.10510579576816925,0.07937262357414454,0.07639545884579002,0.0,0.13392050587172544,0.08348666053357867,0.14876033057851235,0.08149568552253117,0.1495306213679034,0.11984681234512273,0.05771552765032606,0.0553584102200142,0.1166061705989111,0.09586776859504131,0.050774731823599484,0.06937799043062198,0.16573722953379433,
44,0.09387663214768127,0.10342511752854266,0.09988597491448115,0.08632768361581922,0.10999343975508424,0.12119836586472987,0.09739091318038684,0.09474396571170762,0.10498572369866022,0.10591078883761806,0.035490605427975,0.09667405764966741,0.078738370773769,0.11772727272727268,0.08288530465949817,0.14145168342807168,0.09842342342342347,0.1133451171011931,0.08953199186072802,0.09039032184432783,0.14023144996596326,0.11372459465631424,0.10755813953488369,0.021880819366852933,0.08687863860277656,0.08749717386389333,0.11763367463026164,0.1471099521946979,0.08982171067479128,0.08420817511726597,0.10105407882676443,0.09565792373815296,0.08747470204632335,0.05499541704857924,0.10496866606982991,0.12471343420449332,0.10652372262773724,0.0780125899280576,0.10953121528549215,0.10189359783588814,0.11001829826166509,0.10959527057753526,0.13392050587172544,0.0,0.07157417893544737,0.08480325644504749,0.14567285908473038,0.09158583352131744,0.07299435028248591,0.12280301301072816,0.11467684021543989,0.06677301731996355,0.05908662900188322,0.10605030591434395,0.11016949152542377,0.10293453724604962,
45,0.031588655752824546,0.09159964253798036,0.08741179148645573,0.060867590279354955,0.08168207837956842,0.09536846908510155,0.10129118432769368,0.06980961015412512,0.07566371681415929,0.05723228258439528,0.08069229040233761,0.06830357142857146,0.06636466591166479,0.09053497942386834,0.022461608984643555,0.1302356020942408,0.10316399286987521,0.050939551731944754,0.0943860433907403,0.07000686341798212,0.13786888938950215,0.09163802978235969,0.11216814159292032,0.07113912651958576,0.03198537811286273,0.09279964221824688,0.09259259259259256,0.12946040034812878,0.09423849933005801,0.05990576621045551,0.08895495083466731,0.07513812154696131,0.03190268533394536,0.04343850022862372,0.09058376202191898,0.1051906293063849,0.08400091554131384,0.06488549618320616,0.09778270509977827,0.07001591270743346,0.09531428571428568,0.0967082860385925,0.08348666053357867,0.07157417893544737,0.0,0.0905635062611807,0.1191615402141718,0.09086839749328557,0.05805285746555233,0.1033615367024926,0.05532598714416892,0.05126452494873546,0.111085870059064,0.04771832290942779,0.08976124885215797,0.10721465266919816,
46,0.1091071030950791,0.12054855120548547,0.12117805755395683,0.10593220338983056,0.1351118760757315,0.13289858331459414,0.025599255294391443,0.11671854157403294,0.1294855166450497,0.12513554543482974,0.09679587721263727,0.12317418792238932,0.09894783971345422,0.13283884018880643,0.10152621101526216,0.13149243918474685,0.027945971122496527,0.12685914260717412,0.017080018717828716,0.1041572525982829,0.10357554786620526,0.1281066425666516,0.03700277520814066,0.09584450402144773,0.10713496796995803,0.016830294530154277,0.13192255740657366,0.13560061042075433,0.017515179822512827,0.10653753026634383,0.12030755314337405,0.11507504894496412,0.1065482796892342,0.07398190045248865,0.12414402474044617,0.1394557823129252,0.12011740799277493,0.09889135254988912,0.13055859802847758,0.11579651941097724,0.12827461607949409,0.13152587945328253,0.14876033057851235,0.08480325644504749,0.0905635062611807,0.0,0.16001792917974,0.018911977585804318,0.09149743360856954,0.14295362449347138,0.1283873833851622,0.0868000899482797,0.12726449275362317,0.12040358744394619,0.12590579710144922,0.032905484247374606,
47,0.1208791208791209,0.13425715583825537,0.09554140127388533,0.10546965151165477,0.15938529088913278,0.053640776699029113,0.16800714924039317,0.14185201997276442,0.15335392762577227,0.1551191526919682,0.15256525652565256,0.14505347593582885,0.126027397260274,0.05030376670716885,0.12917042380522992,0.19333625602805782,0.1658449125952488,0.13807060939959526,0.1576698155645524,0.08072916666666663,0.13071125765426284,0.05706653715395826,0.1776988005330964,0.14729030807285814,0.13820224719101126,0.1593714927048261,0.055798156234837415,0.1947598253275109,0.16113850291349174,0.14826357969723958,0.07896625987078243,0.1387963579835665,0.11821086261980829,0.12166172106824924,0.1311475409836066,0.04901477832512313,0.07284926911095135,0.1261301989150091,0.13559322033898302,0.10076797765883172,0.07734806629834257,0.09077980564114718,0.08149568552253117,0.14567285908473038,0.1191615402141718,0.16001792917974,0.0,0.15914702581369244,0.1315254237288136,0.05873750913965392,0.10739191073919108,0.11549037580201649,0.10668563300142242,0.09837990138530173,0.05547445255474448,0.1721274685816876,
48,0.11153161175422976,0.12087668806730134,0.12151215121512149,0.10624999999999996,0.13744891374489132,0.13198198198198197,0.02309307207837652,0.11830108961529906,0.1314310419368785,0.12871072589382448,0.10178970917225949,0.12431842966194107,0.09968637992831542,0.13276327632763274,0.10267758353618062,0.13673156858455482,0.029123951537744608,0.1292368248414607,0.019185774450163784,0.10490617228125709,0.1008325624421832,0.12760180995475112,0.03590456335418113,0.10167224080267556,0.11079231957625246,0.012429643527204548,0.13184584178498981,0.14040052242054857,0.01637426900584793,0.10810215763980624,0.12021734208738966,0.11539298933159159,0.10812611012433393,0.07601809954751126,0.1244749060358169,0.13980935088515656,0.1204519774011299,0.09962280896383402,0.13212094653812445,0.11486033519553074,0.1252264492753623,0.1331241595696997,0.1495306213679034,0.09158583352131744,0.09086839749328557,0.018911977585804318,0.15914702581369244,0.0,0.09393128067826861,0.14372606442892544,0.1299711175294379,0.08710330857528692,0.13099547511312215,0.12284241201524326,0.12582180911357965,0.029026217228464435,
49,0.08209959623149399,0.08698568872987478,0.0840163934426229,0.06931587265748473,0.09808195292066257,0.10408163265306125,0.10430537061695522,0.08121484814398205,0.09262097657105317,0.10019646365422397,0.08165096455809784,0.08421750663129979,0.03764057837961898,0.10231397459165159,0.07120535714285714,0.1399783315276273,0.10659560293137904,0.09878721058434403,0.0965871068480928,0.0745214220601641,0.14580067189249724,0.09824481422384312,0.11429832303618714,0.08074256318496975,0.08075639599555062,0.0945795226410886,0.10349523377212888,0.14319603191718788,0.0972840605520926,0.06954971020954082,0.07807118254879453,0.07396776330315746,0.08089385474860333,0.036426116838487954,0.08682031774446186,0.11088248742569728,0.08628167085140381,0.037735849056603765,0.09447771124417836,0.08188585607940446,0.09452054794520548,0.07980791218842898,0.11984681234512273,0.07299435028248591,0.05805285746555233,0.09149743360856954,0.1315254237288136,0.09393128067826861,0.0,0.11032757051865327,0.10243793334824425,0.04607664233576647,0.11498415572657306,0.0945823927765237,0.09508571428571433,0.11022044088176353,
50,0.09626038781163437,0.09949332105020725,0.05607476635514019,0.06928838951310856,0.1422584913983238,0.05268245529241178,0.15393233251176341,0.10766045548654246,0.1365248226950354,0.1411816773622483,0.1307500566508044,0.12927756653992395,0.09097222222222223,0.04794188861985471,0.11613194758246725,0.18159859464207295,0.15047233468286103,0.11488783140720593,0.14011299435028246,0.06966824644549763,0.1166469893742621,0.04949053857350805,0.16414253897550113,0.12714932126696832,0.12311161217587374,0.1439513403919802,0.05200774068698599,0.18545216251638275,0.14699932569116658,0.1220224719101124,0.056612864370031324,0.11464397671294224,0.10325091575091572,0.09712313003452244,0.09669974613431798,0.031164976502597086,0.05745192307692304,0.09970339949806073,0.1049382716049383,0.08679421371908536,0.04923599320882854,0.06687365655600663,0.05771552765032606,0.12280301301072816,0.1033615367024926,0.14295362449347138,0.05873750913965392,0.14372606442892544,0.11032757051865327,0.0,0.08227848101265822,0.08992140545538607,0.08426832179517785,0.07202084814025111,0.04598540145985397,0.15841584158415845,
51,0.043660009289363644,0.10499100719424459,0.06241234221598879,0.0874006810442679,0.11610076670317637,0.10165975103734437,0.13846494138464938,0.08500455788514127,0.11360140628433313,0.08805171645118148,0.12213059950969463,0.10620842572062084,0.08021877848678216,0.09810710987996307,0.05726671229751312,0.1676776429809359,0.14200398142003978,0.06115928799634873,0.1326077298978232,0.07827291618563847,0.14240145819093186,0.0992366412213741,0.149043745878215,0.1114585660040206,0.07014755959137342,0.12977777777777777,0.09930715935334877,0.16204506065857882,0.13032859680284192,0.10313402978439656,0.09607390300230945,0.1171703898379326,0.07067943456452352,0.0863358259687288,0.10312992569241164,0.08360810174281674,0.0619572870218259,0.10851678897042472,0.1094238499330058,0.08394327538883806,0.10336871250576829,0.10472043996333635,0.0553584102200142,0.11467684021543989,0.05532598714416892,0.1283873833851622,0.10739191073919108,0.1299711175294379,0.10243793334824425,0.08227848101265822,0.0,0.09523809523809523,0.11837577426015145,0.018822968787229,0.09779837775202782,0.144474034620506,
52,0.07600090477267585,0.05684931506849311,0.05641978175063844,0.04795777879761354,0.09438103599648817,0.0867264780308259,0.0984560304318639,0.07377979568671966,0.09012780960775668,0.09482948294829485,0.07598371777476254,0.08121940364931024,0.05265567765567769,0.08492520138089754,0.06330254561838256,0.13740458015267176,0.09478885893980238,0.0920818505338078,0.08504398826979476,0.05529847292919943,0.13645621181262724,0.08115606936416186,0.10898576512455516,0.07508455467869224,0.07383303411131059,0.08775877587758774,0.0865561694290976,0.1402518454190187,0.09092950157162105,0.06382022471910109,0.07891093677895711,0.049224544841537377,0.07176709546377791,0.031625115420129246,0.059320100387862174,0.09126799814212727,0.06720741599072999,0.03162961265184505,0.07042889390519191,0.058972005507113345,0.06525285481239806,0.09161526159469957,0.1166061705989111,0.06677301731996355,0.05126452494873546,0.0868000899482797,0.11549037580201649,0.08710330857528692,0.04607664233576647,0.08992140545538607,0.09523809523809523,0.0,0.10608139003200734,0.08724373576309796,0.07701229413129207,0.10184352517985606,
53,0.13321291487920528,0.14340215439856374,0.10463761360988111,0.12749094202898548,0.14335971855760776,0.08145333649964381,0.13796212804328223,0.13416289592760178,0.13764913831197523,0.1435185185185185,0.08254115464873635,0.13001784121320248,0.12176283507496588,0.07730732635585158,0.12157303370786521,0.17818740399385558,0.13863174531496947,0.15118598980270448,0.12944910451144864,0.09360410830999066,0.09912051342999761,0.07106963388370424,0.14666965687373845,0.07224157955865274,0.12556154537286612,0.12655931050124747,0.07578646329837946,0.18284966179358497,0.12882046637989586,0.1223666517256835,0.05950095969289826,0.13705583756345174,0.10926473935806968,0.09710743801652888,0.1428571428571429,0.08517274472168901,0.11142191142191138,0.1168245376635092,0.14839572192513373,0.14130680533574502,0.06942781900885808,0.07198859586600137,0.09586776859504131,0.05908662900188322,0.111085870059064,0.12726449275362317,0.10668563300142242,0.13099547511312215,0.11498415572657306,0.08426832179517785,0.11837577426015145,0.10608139003200734,0.0,0.11003011350474867,0.06952769120115077,0.14366515837104077,
54,0.04273703876693136,0.09884379959192924,0.055647253006366415,0.07972508591065297,0.11727172717271728,0.09222170470423852,0.13102678571428572,0.07639208467556369,0.11184792219274975,0.0929608938547486,0.11533273381294962,0.10397144132083891,0.07244710211591532,0.08906505012823507,0.06132723112128147,0.1610576923076923,0.13459821428571428,0.059458218549127695,0.12466367713004489,0.0699300699300699,0.13434552564987345,0.09018691588785044,0.14216012419605228,0.1062584421431787,0.06983112733911456,0.12390768541339903,0.09071828358208955,0.1606014382218348,0.12572706935123046,0.09661510872001788,0.08566760037348276,0.11128284389489951,0.06947947718413205,0.07866453235764925,0.09695731153496823,0.07423269093504636,0.052394499762920765,0.10118914067758578,0.10335510020265704,0.0761772853185596,0.09393939393939399,0.09492938180134292,0.050774731823599484,0.10605030591434395,0.04771832290942779,0.12040358744394619,0.09837990138530173,0.12284241201524326,0.0945823927765237,0.07202084814025111,0.018822968787229,0.08724373576309796,0.11003011350474867,0.0,0.08826972605947081,0.13790015670472355,
55,0.11052751769810454,0.11583978152025487,0.076341290475065,0.0937571988021193,0.13342169206980337,0.023227383863080653,0.13366448408218556,0.1221843003412969,0.1288819875776398,0.12608405603735828,0.11909090909090914,0.11987452386287256,0.10793505602561171,0.02031326480665685,0.09929561463303793,0.16721817780719173,0.1317934782608695,0.1307950727883539,0.12340909090909091,0.03910748560460653,0.0927073403241182,0.014032496307237796,0.1444918106349562,0.12061552387417973,0.10849377123442805,0.12562358276643992,0.021062943913788934,0.1707638279192274,0.12788592123132636,0.11043497858913676,0.03781818181818186,0.10562906481273826,0.08831646734130638,0.08385308385308388,0.11354309165526677,0.02595155709342556,0.05563549160671466,0.08830931137039577,0.12237525400767668,0.09206864564007422,0.03554040895813049,0.04924333413403792,0.06937799043062198,0.11016949152542377,0.08976124885215797,0.12590579710144922,0.05547445255474448,0.12582180911357965,0.09508571428571433,0.04598540145985397,0.09779837775202782,0.07701229413129207,0.06952769120115077,0.08826972605947081,0.0,0.13851734300612106,
56,0.12566725978647686,0.13492590134925897,0.13579136690647486,0.12168486739469575,0.15108532129808727,0.14417661635503487,0.034780578898225945,0.1336589698046181,0.14634146341463417,0.13761667028434987,0.11220604703247483,0.13937282229965153,0.11602951039570752,0.14578177727784025,0.11465250110668435,0.1477670753064798,0.043083372147182164,0.14472822527832352,0.03504672897196259,0.11799276672694392,0.11509128726600415,0.14111261872455905,0.04570765661252896,0.11247489399687571,0.12107821475916924,0.026951019451605385,0.14446698219517695,0.15218811234487262,0.02762819011940998,0.12373626373626379,0.13711316918906713,0.1296215745976511,0.12181051697359657,0.09257168661097315,0.13850231941683233,0.1529385069208078,0.1326853526220615,0.11539313399778517,0.14357737834283213,0.12695574430040235,0.14169491525423727,0.1494072914336837,0.16573722953379433,0.10293453724604962,0.10721465266919816,0.032905484247374606,0.1721274685816876,0.029026217228464435,0.11022044088176353,0.15841584158415845,0.144474034620506,0.10184352517985606,0.14366515837104077,0.13790015670472355,0.13851734300612106,0.0,
